<?xml version='1.0' encoding='UTF-8'?>
<!DOCTYPE hibernate-configuration PUBLIC
          "-//Hibernate/Hibernate Configuration DTD 5.3//EN"
          "http://hibernate.sourceforge.net/hibernate-configuration-5.3.dtd">
  
<hibernate-configuration>
  
    <session-factory>
        <property name="dialect">org.hibernate.dialect.MySQLDialect</property>
        <property name="connection.url">jdbc:mysql://localhost:3306/FinchAirlines?useSSL=false&useUnicode=true&useJDBCCompliantTimezoneShift=true&useLegacyDatetimeCode=false&serverTimezone=UTC</property>
        <property name="connection.username">root</property>
        <property name="connection.password">password</property>
        <property name="connection.driver_class">com.mysql.jdbc.driver</property>
		<property name="connection.pool_size">1</property>
		<property name="show_sql">true</property>
		<property name="current_session_context_class">thread</property>
    </session-factory>
  
</hibernate-configuration> 